<?xml version="1.0" encoding="utf-8"?>
<ApplicationInstallerManifest>
   <DefaultInstallationDirectory>/Applications/AutoCellSeg/</DefaultInstallationDirectory>
   <ApplicationName>AutoCellSeg</ApplicationName>
   <ExecutableName>application/AutoCellSeg.exe</ExecutableName>
   <GUID>9f92f59c-9b36-4cbb-9538-512bf636c53d</GUID>
   <ApplicationIcon>default_icon_48.png</ApplicationIcon>
   <Logo>default_logo.png</Logo>
   <Version>1.06</Version>
   <InstallationNotes>In the following directions, replace MCR_ROOT by the directory where the MATLAB Runtime is installed on the target machine.

(1) Set the environment variable XAPPLRESDIR to this value:

    MCR_ROOT/v91/X11/app-defaults


(2) If the environment variable LD_LIBRARY_PATH is undefined, set it to the concatenation of the following strings:

    MCR_ROOT/v91/runtime/glnxa64:
    MCR_ROOT/v91/bin/glnxa64:
    MCR_ROOT/v91/sys/os/glnxa64:
    MCR_ROOT/v91/sys/opengl/lib/glnxa64

    If it is defined, set it to the concatenation of these strings:

    ${LD_LIBRARY_PATH}: 
    MCR_ROOT/v91/runtime/glnxa64:
    MCR_ROOT/v91/bin/glnxa64:
    MCR_ROOT/v91/sys/os/glnxa64:
    MCR_ROOT/v91/sys/opengl/lib/glnxa64</InstallationNotes>
   <WelcomePanelText>AutoCellSeg 1.06

AutoCellSeg is a open source tool of the CFU/cell segmentation using a priori knowledge and automatic feedback-based segmentation that allows user to correct the results interactively.
</WelcomePanelText>
   <MCRProducts>
      <MCRProduct>
         <ExternalProductIdentifier>35000</ExternalProductIdentifier>
      </MCRProduct>
      <MCRProduct>
         <ExternalProductIdentifier>35001</ExternalProductIdentifier>
      </MCRProduct>
      <MCRProduct>
         <ExternalProductIdentifier>35010</ExternalProductIdentifier>
      </MCRProduct>
   </MCRProducts>
</ApplicationInstallerManifest>