<?xml version="1.0" encoding="utf-8"?>
<ApplicationInstallerManifest>
   <DefaultInstallationDirectory>/Applications/Medical_Research_Center_(ZMF)/AutoSeg/</DefaultInstallationDirectory>
   <ApplicationName>AutoSeg</ApplicationName>
   <ExecutableName>application/AutoSeg.exe</ExecutableName>
   <GUID>2e3e2a9c-24ff-4c53-ba61-149a11f2609f</GUID>
   <ApplicationIcon>default_icon_48.png</ApplicationIcon>
   <Logo>logo3598084213629012277.tmp</Logo>
   <Version>1.0</Version>
   <InstallationNotes>In the following directions, replace MCR_ROOT by the directory where the MATLAB Runtime is installed on the target machine.

If the environment variable DYLD_LIBRARY_PATH is undefined, set it to the concatenation of the following strings:

    MCR_ROOT/v91/runtime/maci64:
    MCR_ROOT/v91/sys/os/maci64:
    MCR_ROOT/v91/bin/maci64

If it is defined, set it to the concatenation of these strings:

    ${LD_LIBRARY_PATH}: 
    MCR_ROOT/v91/runtime/maci64:
    MCR_ROOT/v91/sys/os/maci64:
    MCR_ROOT/v91/bin/maci64</InstallationNotes>
   <AuthorOrganization>Medical Research Center (ZMF)</AuthorOrganization>
   <WelcomePanelText>AutoSeg 1.0

AutoSeg 1.0 is the first public version of the CFU/cell segmentation using a priori knowledge and automatic feedback-based segmentation that allows user to correct the results interactively.

Arif ul Maula Khan &amp; Angelo Torelli
ArifulMaula.Khan@medma.uni-heidelberg.de; Angelo.Torelli@medma.uni-heidelberg.de</WelcomePanelText>
   <MCRProducts>
      <MCRProduct>
         <ExternalProductIdentifier>35000</ExternalProductIdentifier>
      </MCRProduct>
      <MCRProduct>
         <ExternalProductIdentifier>35001</ExternalProductIdentifier>
      </MCRProduct>
      <MCRProduct>
         <ExternalProductIdentifier>35010</ExternalProductIdentifier>
      </MCRProduct>
   </MCRProducts>
</ApplicationInstallerManifest>